<?xml version="1.0" encoding="UTF-8"?>
<c3p0-config>
	<default-config>
		<property name="jdbcUrl">jdbc:mysql://localhost:3306/final2
		</property>
		<property name="driverClass">com.mysql.jdbc.Driver</property>
		<property name="user">root</property>
		<property name="password"></property>
		<!-- 最小的连接数 -->
		<property name="minPoolSize">5</property>
		<!-- 最大的连接数 -->
		<property name="maxPoolSize">100</property>
		<!-- 初始化的连接数 -->
		<property name="initialPoolSize">10</property>
		<!-- 需要时一次性创建的连接数 -->
		<property name="acquireIncrement">10</property>
		<!-- 缓存多少个Statement对象 -->
		<property name="maxStatements">15</property>
	</default-config>

</c3p0-config>